"week_num","year","week","time","cases","births","pop","beta","beta_low","beta_high"
1,"2011",0.0199999999999818,2011.02,2,15.0691050760385,21579.633641122,0.000197236367679152,0.000176653708980078,0.000219357667151561
1,"2012",0.0199999999999818,2012.02,1,15.1360771353846,22194.3000660954,0.000197236367679152,0.000176653708980078,0.000219357667151561
1,"2013",0.0199999999999818,2013.02,11,15.2864321543654,22808.4649601274,0.000197236367679152,0.000176653708980078,0.000219357667151561
1,"2014",0.0199999999999818,2014.02,1,15.4046205789231,23430.3403504749,0.000197236367679152,0.000176653708980078,0.000219357667151561
1,"2015",0.0199999999999818,2015.02,1,15.6584640707692,24052.3303323908,0.000197236367679152,0.000176653708980078,0.000219357667151561
1,"2016",0.0199999999999818,2016.02,1,16.0657324080577,24682.5886471891,0.000197236367679152,0.000176653708980078,0.000219357667151561
1,"2017",0.0199999999999818,2017.02,1,16.3443887602692,25335.9781732263,0.000197236367679152,0.000176653708980078,0.000219357667151561
1,"2018",0.0199999999999818,2018.02,1,16.5663809155385,26001.6555733075,0.000197236367679152,0.000176653708980078,0.000219357667151561
1,"2019",0.0199999999999818,2019.02,1,16.7851515564231,26677.0912706224,0.000197236367679152,0.000176653708980078,0.000219357667151561
1,"2020",0.0199999999999818,2020.02,1,17.01272543675,27357.5280027258,0.000197236367679152,0.000176653708980078,0.000219357667151561
1,"2021",0.0199999999999818,2021.02,6,17.20981816725,28037.9522734703,0.000197236367679152,0.000176653708980078,0.000219357667151561
2,"2011",0.0399999999999636,2011.04,1,15.0691050760385,21594.7027461981,0.000197236367679152,0.000176653708980078,0.000219357667151561
2,"2012",0.0399999999999636,2012.04,1,15.1360771353846,22209.4361432308,0.000197236367679152,0.000176653708980078,0.000219357667151561
2,"2013",0.0399999999999636,2013.04,4,15.2864321543654,22823.7513922817,0.000197236367679152,0.000176653708980078,0.000219357667151561
2,"2014",0.0399999999999636,2014.04,1,15.4046205789231,23445.7449710538,0.000197236367679152,0.000176653708980078,0.000219357667151561
2,"2015",0.0399999999999636,2015.04,1,15.6584640707692,24067.9887964615,0.000197236367679152,0.000176653708980078,0.000219357667151561
2,"2016",0.0399999999999636,2016.04,1,16.0657324080577,24698.6543795971,0.000197236367679152,0.000176653708980078,0.000219357667151561
2,"2017",0.0399999999999636,2017.04,1,16.3443887602692,25352.3225619865,0.000197236367679152,0.000176653708980078,0.000219357667151561
2,"2018",0.0399999999999636,2018.04,1,16.5663809155385,26018.2219542231,0.000197236367679152,0.000176653708980078,0.000219357667151561
2,"2019",0.0399999999999636,2019.04,1,16.7851515564231,26693.8764221788,0.000197236367679152,0.000176653708980078,0.000219357667151561
2,"2020",0.0399999999999636,2020.04,1,17.01272543675,27374.5407281625,0.000197236367679152,0.000176653708980078,0.000219357667151561
2,"2021",0.0399999999999636,2021.04,6,17.20981816725,28055.1620916375,0.000197236367679152,0.000176653708980078,0.000219357667151561
3,"2011",0.0599999999999454,2011.06,2,15.0691050760385,21609.7718512741,0.000283091495924802,0.000261388590519455,0.000305962739672507
3,"2012",0.0599999999999454,2012.06,1,15.1360771353846,22224.5722203662,0.000283091495924802,0.000261388590519455,0.000305962739672507
3,"2013",0.0599999999999454,2013.06,3,15.2864321543654,22839.0378244361,0.000283091495924802,0.000261388590519455,0.000305962739672507
3,"2014",0.0599999999999454,2014.06,4,15.4046205789231,23461.1495916328,0.000283091495924802,0.000261388590519455,0.000305962739672507
3,"2015",0.0599999999999454,2015.06,1,15.6584640707692,24083.6472605323,0.000283091495924802,0.000261388590519455,0.000305962739672507
3,"2016",0.0599999999999454,2016.06,1,16.0657324080577,24714.7201120052,0.000283091495924802,0.000261388590519455,0.000305962739672507
3,"2017",0.0599999999999454,2017.06,1,16.3443887602692,25368.6669507468,0.000283091495924802,0.000261388590519455,0.000305962739672507
3,"2018",0.0599999999999454,2018.06,1,16.5663809155385,26034.7883351386,0.000283091495924802,0.000261388590519455,0.000305962739672507
3,"2019",0.0599999999999454,2019.06,1,16.7851515564231,26710.6615737353,0.000283091495924802,0.000261388590519455,0.000305962739672507
3,"2020",0.0599999999999454,2020.06,1,17.01272543675,27391.5534535992,0.000283091495924802,0.000261388590519455,0.000305962739672507
3,"2021",0.0599999999999454,2021.06,10,17.20981816725,28072.3719098048,0.000283091495924802,0.000261388590519455,0.000305962739672507
4,"2011",0.0799999999999272,2011.08,3,15.0691050760385,21624.8409563502,0.000283091495924802,0.000261388590519455,0.000305962739672507
4,"2012",0.0799999999999272,2012.08,1,15.1360771353846,22239.7082975015,0.000283091495924802,0.000261388590519455,0.000305962739672507
4,"2013",0.0799999999999272,2013.08,6,15.2864321543654,22854.3242565905,0.000283091495924802,0.000261388590519455,0.000305962739672507
4,"2014",0.0799999999999272,2014.08,7,15.4046205789231,23476.5542122117,0.000283091495924802,0.000261388590519455,0.000305962739672507
4,"2015",0.0799999999999272,2015.08,3,15.6584640707692,24099.3057246031,0.000283091495924802,0.000261388590519455,0.000305962739672507
4,"2016",0.0799999999999272,2016.08,3,16.0657324080577,24730.7858444132,0.000283091495924802,0.000261388590519455,0.000305962739672507
4,"2017",0.0799999999999272,2017.08,1,16.3443887602692,25385.0113395071,0.000283091495924802,0.000261388590519455,0.000305962739672507
4,"2018",0.0799999999999272,2018.08,1,16.5663809155385,26051.3547160542,0.000283091495924802,0.000261388590519455,0.000305962739672507
4,"2019",0.0799999999999272,2019.08,1,16.7851515564231,26727.4467252917,0.000283091495924802,0.000261388590519455,0.000305962739672507
4,"2020",0.0799999999999272,2020.08,2,17.01272543675,27408.566179036,0.000283091495924802,0.000261388590519455,0.000305962739672507
4,"2021",0.0799999999999272,2021.08,9,17.20981816725,28089.581727972,0.000283091495924802,0.000261388590519455,0.000305962739672507
5,"2011",0.0999999999999091,2011.1,3,15.0691050760385,21639.9100614262,0.000249628045241548,0.000234072679474662,0.000265857200305552
5,"2012",0.0999999999999091,2012.1,1,15.1360771353846,22254.8443746369,0.000249628045241548,0.000234072679474662,0.000265857200305552
5,"2013",0.0999999999999091,2013.1,15,15.2864321543654,22869.6106887448,0.000249628045241548,0.000234072679474662,0.000265857200305552
5,"2014",0.0999999999999091,2014.1,11,15.4046205789231,23491.9588327906,0.000249628045241548,0.000234072679474662,0.000265857200305552
5,"2015",0.0999999999999091,2015.1,3,15.6584640707692,24114.9641886738,0.000249628045241548,0.000234072679474662,0.000265857200305552
5,"2016",0.0999999999999091,2016.1,3,16.0657324080577,24746.8515768213,0.000249628045241548,0.000234072679474662,0.000265857200305552
5,"2017",0.0999999999999091,2017.1,1,16.3443887602692,25401.3557282673,0.000249628045241548,0.000234072679474662,0.000265857200305552
5,"2018",0.0999999999999091,2018.1,1,16.5663809155385,26067.9210969697,0.000249628045241548,0.000234072679474662,0.000265857200305552
5,"2019",0.0999999999999091,2019.1,2,16.7851515564231,26744.2318768481,0.000249628045241548,0.000234072679474662,0.000265857200305552
5,"2020",0.0999999999999091,2020.1,1,17.01272543675,27425.5789044727,0.000249628045241548,0.000234072679474662,0.000265857200305552
5,"2021",0.0999999999999091,2021.1,11,17.20981816725,28106.7915461393,0.000249628045241548,0.000234072679474662,0.000265857200305552
6,"2011",0.1099999999999,2011.11,3,15.0691050760385,21654.9791665022,0.000249628045241548,0.000234072679474662,0.000265857200305552
6,"2012",0.1099999999999,2012.11,1,15.1360771353846,22269.9804517723,0.000249628045241548,0.000234072679474662,0.000265857200305552
6,"2013",0.1099999999999,2013.11,18,15.2864321543654,22884.8971208992,0.000249628045241548,0.000234072679474662,0.000265857200305552
6,"2014",0.1099999999999,2014.11,15,15.4046205789231,23507.3634533695,0.000249628045241548,0.000234072679474662,0.000265857200305552
6,"2015",0.1099999999999,2015.11,2,15.6584640707692,24130.6226527446,0.000249628045241548,0.000234072679474662,0.000265857200305552
6,"2016",0.1099999999999,2016.11,2,16.0657324080577,24762.9173092293,0.000249628045241548,0.000234072679474662,0.000265857200305552
6,"2017",0.1099999999999,2017.11,2,16.3443887602692,25417.7001170276,0.000249628045241548,0.000234072679474662,0.000265857200305552
6,"2018",0.1099999999999,2018.11,4,16.5663809155385,26084.4874778852,0.000249628045241548,0.000234072679474662,0.000265857200305552
6,"2019",0.1099999999999,2019.11,1,16.7851515564231,26761.0170284045,0.000249628045241548,0.000234072679474662,0.000265857200305552
6,"2020",0.1099999999999,2020.11,1,17.01272543675,27442.5916299095,0.000249628045241548,0.000234072679474662,0.000265857200305552
6,"2021",0.1099999999999,2021.11,16,17.20981816725,28124.0013643065,0.000249628045241548,0.000234072679474662,0.000265857200305552
7,"2011",0.130000000000109,2011.13,2,15.0691050760385,21670.0482715783,0.000212637161444086,0.000200649236925068,0.000225092929851101
7,"2012",0.130000000000109,2012.13,1,15.1360771353846,22285.1165289077,0.000212637161444086,0.000200649236925068,0.000225092929851101
7,"2013",0.130000000000109,2013.13,14,15.2864321543654,22900.1835530536,0.000212637161444086,0.000200649236925068,0.000225092929851101
7,"2014",0.130000000000109,2014.13,7,15.4046205789231,23522.7680739485,0.000212637161444086,0.000200649236925068,0.000225092929851101
7,"2015",0.130000000000109,2015.13,1,15.6584640707692,24146.2811168154,0.000212637161444086,0.000200649236925068,0.000225092929851101
7,"2016",0.130000000000109,2016.13,10,16.0657324080577,24778.9830416374,0.000212637161444086,0.000200649236925068,0.000225092929851101
7,"2017",0.130000000000109,2017.13,1,16.3443887602692,25434.0445057879,0.000212637161444086,0.000200649236925068,0.000225092929851101
7,"2018",0.130000000000109,2018.13,10,16.5663809155385,26101.0538588008,0.000212637161444086,0.000200649236925068,0.000225092929851101
7,"2019",0.130000000000109,2019.13,13,16.7851515564231,26777.802179961,0.000212637161444086,0.000200649236925068,0.000225092929851101
7,"2020",0.130000000000109,2020.13,5,17.01272543675,27459.6043553463,0.000212637161444086,0.000200649236925068,0.000225092929851101
7,"2021",0.130000000000109,2021.13,9,17.20981816725,28141.2111824738,0.000212637161444086,0.000200649236925068,0.000225092929851101
8,"2011",0.150000000000091,2011.15,2,15.0691050760385,21685.1173766543,0.000212637161444086,0.000200649236925068,0.000225092929851101
8,"2012",0.150000000000091,2012.15,1,15.1360771353846,22300.2526060431,0.000212637161444086,0.000200649236925068,0.000225092929851101
8,"2013",0.150000000000091,2013.15,20,15.2864321543654,22915.4699852079,0.000212637161444086,0.000200649236925068,0.000225092929851101
8,"2014",0.150000000000091,2014.15,17,15.4046205789231,23538.1726945274,0.000212637161444086,0.000200649236925068,0.000225092929851101
8,"2015",0.150000000000091,2015.15,7,15.6584640707692,24161.9395808862,0.000212637161444086,0.000200649236925068,0.000225092929851101
8,"2016",0.150000000000091,2016.15,10,16.0657324080577,24795.0487740455,0.000212637161444086,0.000200649236925068,0.000225092929851101
8,"2017",0.150000000000091,2017.15,1,16.3443887602692,25450.3888945482,0.000212637161444086,0.000200649236925068,0.000225092929851101
8,"2018",0.150000000000091,2018.15,11,16.5663809155385,26117.6202397163,0.000212637161444086,0.000200649236925068,0.000225092929851101
8,"2019",0.150000000000091,2019.15,10,16.7851515564231,26794.5873315174,0.000212637161444086,0.000200649236925068,0.000225092929851101
8,"2020",0.150000000000091,2020.15,14,17.01272543675,27476.617080783,0.000212637161444086,0.000200649236925068,0.000225092929851101
8,"2021",0.150000000000091,2021.15,6,17.20981816725,28158.421000641,0.000212637161444086,0.000200649236925068,0.000225092929851101
9,"2011",0.170000000000073,2011.17,5,15.0691050760385,21700.1864817303,0.000230729481017723,0.000218043651493476,0.000243897662187934
9,"2012",0.170000000000073,2012.17,1,15.1360771353846,22315.3886831785,0.000230729481017723,0.000218043651493476,0.000243897662187934
9,"2013",0.170000000000073,2013.17,15,15.2864321543654,22930.7564173623,0.000230729481017723,0.000218043651493476,0.000243897662187934
9,"2014",0.170000000000073,2014.17,9,15.4046205789231,23553.5773151063,0.000230729481017723,0.000218043651493476,0.000243897662187934
9,"2015",0.170000000000073,2015.17,9,15.6584640707692,24177.5980449569,0.000230729481017723,0.000218043651493476,0.000243897662187934
9,"2016",0.170000000000073,2016.17,7,16.0657324080577,24811.1145064535,0.000230729481017723,0.000218043651493476,0.000243897662187934
9,"2017",0.170000000000073,2017.17,4,16.3443887602692,25466.7332833084,0.000230729481017723,0.000218043651493476,0.000243897662187934
9,"2018",0.170000000000073,2018.17,6,16.5663809155385,26134.1866206318,0.000230729481017723,0.000218043651493476,0.000243897662187934
9,"2019",0.170000000000073,2019.17,1,16.7851515564231,26811.3724830738,0.000230729481017723,0.000218043651493476,0.000243897662187934
9,"2020",0.170000000000073,2020.17,5,17.01272543675,27493.6298062197,0.000230729481017723,0.000218043651493476,0.000243897662187934
9,"2021",0.170000000000073,2021.17,9,17.20981816725,28175.6308188083,0.000230729481017723,0.000218043651493476,0.000243897662187934
10,"2011",0.190000000000055,2011.19,9,15.0691050760385,21715.2555868064,0.000230729481017723,0.000218043651493476,0.000243897662187934
10,"2012",0.190000000000055,2012.19,1,15.1360771353846,22330.5247603138,0.000230729481017723,0.000218043651493476,0.000243897662187934
10,"2013",0.190000000000055,2013.19,16,15.2864321543654,22946.0428495167,0.000230729481017723,0.000218043651493476,0.000243897662187934
10,"2014",0.190000000000055,2014.19,8,15.4046205789231,23568.9819356852,0.000230729481017723,0.000218043651493476,0.000243897662187934
10,"2015",0.190000000000055,2015.19,12,15.6584640707692,24193.2565090277,0.000230729481017723,0.000218043651493476,0.000243897662187934
10,"2016",0.190000000000055,2016.19,11,16.0657324080577,24827.1802388616,0.000230729481017723,0.000218043651493476,0.000243897662187934
10,"2017",0.190000000000055,2017.19,5,16.3443887602692,25483.0776720687,0.000230729481017723,0.000218043651493476,0.000243897662187934
10,"2018",0.190000000000055,2018.19,2,16.5663809155385,26150.7530015474,0.000230729481017723,0.000218043651493476,0.000243897662187934
10,"2019",0.190000000000055,2019.19,10,16.7851515564231,26828.1576346302,0.000230729481017723,0.000218043651493476,0.000243897662187934
10,"2020",0.190000000000055,2020.19,19,17.01272543675,27510.6425316565,0.000230729481017723,0.000218043651493476,0.000243897662187934
10,"2021",0.190000000000055,2021.19,5,17.20981816725,28192.8406369755,0.000230729481017723,0.000218043651493476,0.000243897662187934
11,"2011",0.210000000000036,2011.21,5,15.0691050760385,21730.3246918824,0.000141615298991501,0.000130334085733496,0.00015352890654221
11,"2012",0.210000000000036,2012.21,2,15.1360771353846,22345.6608374492,0.000141615298991501,0.000130334085733496,0.00015352890654221
11,"2013",0.210000000000036,2013.21,9,15.2864321543654,22961.329281671,0.000141615298991501,0.000130334085733496,0.00015352890654221
11,"2014",0.210000000000036,2014.21,11,15.4046205789231,23584.3865562642,0.000141615298991501,0.000130334085733496,0.00015352890654221
11,"2015",0.210000000000036,2015.21,8,15.6584640707692,24208.9149730985,0.000141615298991501,0.000130334085733496,0.00015352890654221
11,"2016",0.210000000000036,2016.21,10,16.0657324080577,24843.2459712696,0.000141615298991501,0.000130334085733496,0.00015352890654221
11,"2017",0.210000000000036,2017.21,5,16.3443887602692,25499.422060829,0.000141615298991501,0.000130334085733496,0.00015352890654221
11,"2018",0.210000000000036,2018.21,2,16.5663809155385,26167.3193824629,0.000141615298991501,0.000130334085733496,0.00015352890654221
11,"2019",0.210000000000036,2019.21,1,16.7851515564231,26844.9427861867,0.000141615298991501,0.000130334085733496,0.00015352890654221
11,"2020",0.210000000000036,2020.21,23,17.01272543675,27527.6552570933,0.000141615298991501,0.000130334085733496,0.00015352890654221
11,"2021",0.210000000000036,2021.21,5,17.20981816725,28210.0504551428,0.000141615298991501,0.000130334085733496,0.00015352890654221
12,"2011",0.230000000000018,2011.23,2,15.0691050760385,21745.3937969585,0.000141615298991501,0.000130334085733496,0.00015352890654221
12,"2012",0.230000000000018,2012.23,1,15.1360771353846,22360.7969145846,0.000141615298991501,0.000130334085733496,0.00015352890654221
12,"2013",0.230000000000018,2013.23,5,15.2864321543654,22976.6157138254,0.000141615298991501,0.000130334085733496,0.00015352890654221
12,"2014",0.230000000000018,2014.23,1,15.4046205789231,23599.7911768431,0.000141615298991501,0.000130334085733496,0.00015352890654221
12,"2015",0.230000000000018,2015.23,5,15.6584640707692,24224.5734371692,0.000141615298991501,0.000130334085733496,0.00015352890654221
12,"2016",0.230000000000018,2016.23,6,16.0657324080577,24859.3117036777,0.000141615298991501,0.000130334085733496,0.00015352890654221
12,"2017",0.230000000000018,2017.23,6,16.3443887602692,25515.7664495892,0.000141615298991501,0.000130334085733496,0.00015352890654221
12,"2018",0.230000000000018,2018.23,1,16.5663809155385,26183.8857633785,0.000141615298991501,0.000130334085733496,0.00015352890654221
12,"2019",0.230000000000018,2019.23,10,16.7851515564231,26861.7279377431,0.000141615298991501,0.000130334085733496,0.00015352890654221
12,"2020",0.230000000000018,2020.23,8,17.01272543675,27544.66798253,0.000141615298991501,0.000130334085733496,0.00015352890654221
12,"2021",0.230000000000018,2021.23,2,17.20981816725,28227.26027331,0.000141615298991501,0.000130334085733496,0.00015352890654221
13,"2011",0.25,2011.25,2,15.0691050760385,21760.4629020345,0.000210562002124645,0.000192640646128956,0.000229560915560297
13,"2012",0.25,2012.25,1,15.1360771353846,22375.93299172,0.000210562002124645,0.000192640646128956,0.000229560915560297
13,"2013",0.25,2013.25,4,15.2864321543654,22991.9021459797,0.000210562002124645,0.000192640646128956,0.000229560915560297
13,"2014",0.25,2014.25,2,15.4046205789231,23615.195797422,0.000210562002124645,0.000192640646128956,0.000229560915560297
13,"2015",0.25,2015.25,6,15.6584640707692,24240.23190124,0.000210562002124645,0.000192640646128956,0.000229560915560297
13,"2016",0.25,2016.25,6,16.0657324080577,24875.3774360857,0.000210562002124645,0.000192640646128956,0.000229560915560297
13,"2017",0.25,2017.25,6,16.3443887602692,25532.1108383495,0.000210562002124645,0.000192640646128956,0.000229560915560297
13,"2018",0.25,2018.25,1,16.5663809155385,26200.452144294,0.000210562002124645,0.000192640646128956,0.000229560915560297
13,"2019",0.25,2019.25,5,16.7851515564231,26878.5130892995,0.000210562002124645,0.000192640646128956,0.000229560915560297
13,"2020",0.25,2020.25,1,17.01272543675,27561.6807079667,0.000210562002124645,0.000192640646128956,0.000229560915560297
13,"2021",0.25,2021.25,1,17.20981816725,28244.4700914773,0.000210562002124645,0.000192640646128956,0.000229560915560297
14,"2011",0.269999999999982,2011.27,3,15.0691050760385,21775.5320071105,0.000210562002124645,0.000192640646128956,0.000229560915560297
14,"2012",0.269999999999982,2012.27,2,15.1360771353846,22391.0690688554,0.000210562002124645,0.000192640646128956,0.000229560915560297
14,"2013",0.269999999999982,2013.27,3,15.2864321543654,23007.1885781341,0.000210562002124645,0.000192640646128956,0.000229560915560297
14,"2014",0.269999999999982,2014.27,3,15.4046205789231,23630.6004180009,0.000210562002124645,0.000192640646128956,0.000229560915560297
14,"2015",0.269999999999982,2015.27,5,15.6584640707692,24255.8903653108,0.000210562002124645,0.000192640646128956,0.000229560915560297
14,"2016",0.269999999999982,2016.27,4,16.0657324080577,24891.4431684938,0.000210562002124645,0.000192640646128956,0.000229560915560297
14,"2017",0.269999999999982,2017.27,9,16.3443887602692,25548.4552271098,0.000210562002124645,0.000192640646128956,0.000229560915560297
14,"2018",0.269999999999982,2018.27,1,16.5663809155385,26217.0185252095,0.000210562002124645,0.000192640646128956,0.000229560915560297
14,"2019",0.269999999999982,2019.27,5,16.7851515564231,26895.2982408559,0.000210562002124645,0.000192640646128956,0.000229560915560297
14,"2020",0.269999999999982,2020.27,2,17.01272543675,27578.6934334035,0.000210562002124645,0.000192640646128956,0.000229560915560297
14,"2021",0.269999999999982,2021.27,1,17.20981816725,28261.6799096445,0.000210562002124645,0.000192640646128956,0.000229560915560297
15,"2011",0.279999999999973,2011.28,3,15.0691050760385,21790.6011121866,0.000165707481194145,0.000147770918648857,0.000185038777919915
15,"2012",0.279999999999973,2012.28,5,15.1360771353846,22406.2051459908,0.000165707481194145,0.000147770918648857,0.000185038777919915
15,"2013",0.279999999999973,2013.28,4,15.2864321543654,23022.4750102885,0.000165707481194145,0.000147770918648857,0.000185038777919915
15,"2014",0.279999999999973,2014.28,2,15.4046205789231,23646.0050385798,0.000165707481194145,0.000147770918648857,0.000185038777919915
15,"2015",0.279999999999973,2015.28,5,15.6584640707692,24271.5488293815,0.000165707481194145,0.000147770918648857,0.000185038777919915
15,"2016",0.279999999999973,2016.28,2,16.0657324080577,24907.5089009019,0.000165707481194145,0.000147770918648857,0.000185038777919915
15,"2017",0.279999999999973,2017.28,5,16.3443887602692,25564.79961587,0.000165707481194145,0.000147770918648857,0.000185038777919915
15,"2018",0.279999999999973,2018.28,1,16.5663809155385,26233.5849061251,0.000165707481194145,0.000147770918648857,0.000185038777919915
15,"2019",0.279999999999973,2019.28,4,16.7851515564231,26912.0833924123,0.000165707481194145,0.000147770918648857,0.000185038777919915
15,"2020",0.279999999999973,2020.28,1,17.01272543675,27595.7061588403,0.000165707481194145,0.000147770918648857,0.000185038777919915
15,"2021",0.279999999999973,2021.28,1,17.20981816725,28278.8897278118,0.000165707481194145,0.000147770918648857,0.000185038777919915
16,"2011",0.299999999999955,2011.3,3,15.0691050760385,21805.6702172626,0.000165707481194145,0.000147770918648857,0.000185038777919915
16,"2012",0.299999999999955,2012.3,2,15.1360771353846,22421.3412231262,0.000165707481194145,0.000147770918648857,0.000185038777919915
16,"2013",0.299999999999955,2013.3,2,15.2864321543654,23037.7614424428,0.000165707481194145,0.000147770918648857,0.000185038777919915
16,"2014",0.299999999999955,2014.3,1,15.4046205789231,23661.4096591588,0.000165707481194145,0.000147770918648857,0.000185038777919915
16,"2015",0.299999999999955,2015.3,1,15.6584640707692,24287.2072934523,0.000165707481194145,0.000147770918648857,0.000185038777919915
16,"2016",0.299999999999955,2016.3,3,16.0657324080577,24923.5746333099,0.000165707481194145,0.000147770918648857,0.000185038777919915
16,"2017",0.299999999999955,2017.3,4,16.3443887602692,25581.1440046303,0.000165707481194145,0.000147770918648857,0.000185038777919915
16,"2018",0.299999999999955,2018.3,1,16.5663809155385,26250.1512870406,0.000165707481194145,0.000147770918648857,0.000185038777919915
16,"2019",0.299999999999955,2019.3,2,16.7851515564231,26928.8685439688,0.000165707481194145,0.000147770918648857,0.000185038777919915
16,"2020",0.299999999999955,2020.3,1,17.01272543675,27612.718884277,0.000165707481194145,0.000147770918648857,0.000185038777919915
16,"2021",0.299999999999955,2021.3,1,17.20981816725,28296.099545979,0.000165707481194145,0.000147770918648857,0.000185038777919915
17,"2011",0.319999999999936,2011.32,1,15.0691050760385,21820.7393223387,0.000189632658241463,0.000167546872449612,0.000213577503069768
17,"2012",0.319999999999936,2012.32,6,15.1360771353846,22436.4773002615,0.000189632658241463,0.000167546872449612,0.000213577503069768
17,"2013",0.319999999999936,2013.32,1,15.2864321543654,23053.0478745972,0.000189632658241463,0.000167546872449612,0.000213577503069768
17,"2014",0.319999999999936,2014.32,2,15.4046205789231,23676.8142797377,0.000189632658241463,0.000167546872449612,0.000213577503069768
17,"2015",0.319999999999936,2015.32,1,15.6584640707692,24302.8657575231,0.000189632658241463,0.000167546872449612,0.000213577503069768
17,"2016",0.319999999999936,2016.32,2,16.0657324080577,24939.640365718,0.000189632658241463,0.000167546872449612,0.000213577503069768
17,"2017",0.319999999999936,2017.32,3,16.3443887602692,25597.4883933906,0.000189632658241463,0.000167546872449612,0.000213577503069768
17,"2018",0.319999999999936,2018.32,1,16.5663809155385,26266.7176679562,0.000189632658241463,0.000167546872449612,0.000213577503069768
17,"2019",0.319999999999936,2019.32,2,16.7851515564231,26945.6536955252,0.000189632658241463,0.000167546872449612,0.000213577503069768
17,"2020",0.319999999999936,2020.32,1,17.01272543675,27629.7316097137,0.000189632658241463,0.000167546872449612,0.000213577503069768
17,"2021",0.319999999999936,2021.32,1,17.20981816725,28313.3093641463,0.000189632658241463,0.000167546872449612,0.000213577503069768
18,"2011",0.339999999999918,2011.34,1,15.0691050760385,21835.8084274147,0.000189632658241463,0.000167546872449612,0.000213577503069768
18,"2012",0.339999999999918,2012.34,1,15.1360771353846,22451.6133773969,0.000189632658241463,0.000167546872449612,0.000213577503069768
18,"2013",0.339999999999918,2013.34,1,15.2864321543654,23068.3343067516,0.000189632658241463,0.000167546872449612,0.000213577503069768
18,"2014",0.339999999999918,2014.34,1,15.4046205789231,23692.2189003166,0.000189632658241463,0.000167546872449612,0.000213577503069768
18,"2015",0.339999999999918,2015.34,1,15.6584640707692,24318.5242215938,0.000189632658241463,0.000167546872449612,0.000213577503069768
18,"2016",0.339999999999918,2016.34,3,16.0657324080577,24955.706098126,0.000189632658241463,0.000167546872449612,0.000213577503069768
18,"2017",0.339999999999918,2017.34,4,16.3443887602692,25613.8327821508,0.000189632658241463,0.000167546872449612,0.000213577503069768
18,"2018",0.339999999999918,2018.34,1,16.5663809155385,26283.2840488717,0.000189632658241463,0.000167546872449612,0.000213577503069768
18,"2019",0.339999999999918,2019.34,3,16.7851515564231,26962.4388470816,0.000189632658241463,0.000167546872449612,0.000213577503069768
18,"2020",0.339999999999918,2020.34,1,17.01272543675,27646.7443351505,0.000189632658241463,0.000167546872449612,0.000213577503069768
18,"2021",0.339999999999918,2021.34,1,17.20981816725,28330.5191823135,0.000189632658241463,0.000167546872449612,0.000213577503069768
19,"2011",0.3599999999999,2011.36,1,15.0691050760385,21850.8775324907,0.000210894352468646,0.00018824508302906,0.000235289965256941
19,"2012",0.3599999999999,2012.36,3,15.1360771353846,22466.7494545323,0.000210894352468646,0.00018824508302906,0.000235289965256941
19,"2013",0.3599999999999,2013.36,1,15.2864321543654,23083.6207389059,0.000210894352468646,0.00018824508302906,0.000235289965256941
19,"2014",0.3599999999999,2014.36,1,15.4046205789231,23707.6235208955,0.000210894352468646,0.00018824508302906,0.000235289965256941
19,"2015",0.3599999999999,2015.36,1,15.6584640707692,24334.1826856646,0.000210894352468646,0.00018824508302906,0.000235289965256941
19,"2016",0.3599999999999,2016.36,1,16.0657324080577,24971.7718305341,0.000210894352468646,0.00018824508302906,0.000235289965256941
19,"2017",0.3599999999999,2017.36,4,16.3443887602692,25630.1771709111,0.000210894352468646,0.00018824508302906,0.000235289965256941
19,"2018",0.3599999999999,2018.36,1,16.5663809155385,26299.8504297872,0.000210894352468646,0.00018824508302906,0.000235289965256941
19,"2019",0.3599999999999,2019.36,1,16.7851515564231,26979.223998638,0.000210894352468646,0.00018824508302906,0.000235289965256941
19,"2020",0.3599999999999,2020.36,2,17.01272543675,27663.7570605872,0.000210894352468646,0.00018824508302906,0.000235289965256941
19,"2021",0.3599999999999,2021.36,1,17.20981816725,28347.7290004808,0.000210894352468646,0.00018824508302906,0.000235289965256941
20,"2011",0.380000000000109,2011.38,1,15.0691050760385,21865.9466375668,0.000210894352468646,0.00018824508302906,0.000235289965256941
20,"2012",0.380000000000109,2012.38,8,15.1360771353846,22481.8855316677,0.000210894352468646,0.00018824508302906,0.000235289965256941
20,"2013",0.380000000000109,2013.38,1,15.2864321543654,23098.9071710603,0.000210894352468646,0.00018824508302906,0.000235289965256941
20,"2014",0.380000000000109,2014.38,1,15.4046205789231,23723.0281414745,0.000210894352468646,0.00018824508302906,0.000235289965256941
20,"2015",0.380000000000109,2015.38,1,15.6584640707692,24349.8411497354,0.000210894352468646,0.00018824508302906,0.000235289965256941
20,"2016",0.380000000000109,2016.38,1,16.0657324080577,24987.8375629422,0.000210894352468646,0.00018824508302906,0.000235289965256941
20,"2017",0.380000000000109,2017.38,3,16.3443887602692,25646.5215596714,0.000210894352468646,0.00018824508302906,0.000235289965256941
20,"2018",0.380000000000109,2018.38,1,16.5663809155385,26316.4168107028,0.000210894352468646,0.00018824508302906,0.000235289965256941
20,"2019",0.380000000000109,2019.38,5,16.7851515564231,26996.0091501945,0.000210894352468646,0.00018824508302906,0.000235289965256941
20,"2020",0.380000000000109,2020.38,1,17.01272543675,27680.769786024,0.000210894352468646,0.00018824508302906,0.000235289965256941
20,"2021",0.380000000000109,2021.38,1,17.20981816725,28364.938818648,0.000210894352468646,0.00018824508302906,0.000235289965256941
21,"2011",0.400000000000091,2011.4,1,15.0691050760385,21881.0157426428,0.000238671249307411,0.000211887275456787,0.000267620795761826
21,"2012",0.400000000000091,2012.4,7,15.1360771353846,22497.0216088031,0.000238671249307411,0.000211887275456787,0.000267620795761826
21,"2013",0.400000000000091,2013.4,1,15.2864321543654,23114.1936032147,0.000238671249307411,0.000211887275456787,0.000267620795761826
21,"2014",0.400000000000091,2014.4,1,15.4046205789231,23738.4327620534,0.000238671249307411,0.000211887275456787,0.000267620795761826
21,"2015",0.400000000000091,2015.4,1,15.6584640707692,24365.4996138062,0.000238671249307411,0.000211887275456787,0.000267620795761826
21,"2016",0.400000000000091,2016.4,1,16.0657324080577,25003.9032953502,0.000238671249307411,0.000211887275456787,0.000267620795761826
21,"2017",0.400000000000091,2017.4,2,16.3443887602692,25662.8659484317,0.000238671249307411,0.000211887275456787,0.000267620795761826
21,"2018",0.400000000000091,2018.4,1,16.5663809155385,26332.9831916183,0.000238671249307411,0.000211887275456787,0.000267620795761826
21,"2019",0.400000000000091,2019.4,1,16.7851515564231,27012.7943017509,0.000238671249307411,0.000211887275456787,0.000267620795761826
21,"2020",0.400000000000091,2020.4,1,17.01272543675,27697.7825114608,0.000238671249307411,0.000211887275456787,0.000267620795761826
21,"2021",0.400000000000091,2021.4,1,17.20981816725,28382.1486368153,0.000238671249307411,0.000211887275456787,0.000267620795761826
22,"2011",0.420000000000073,2011.42,1,15.0691050760385,21896.0848477188,0.000238671249307411,0.000211887275456787,0.000267620795761826
22,"2012",0.420000000000073,2012.42,4,15.1360771353846,22512.1576859385,0.000238671249307411,0.000211887275456787,0.000267620795761826
22,"2013",0.420000000000073,2013.42,1,15.2864321543654,23129.480035369,0.000238671249307411,0.000211887275456787,0.000267620795761826
22,"2014",0.420000000000073,2014.42,1,15.4046205789231,23753.8373826323,0.000238671249307411,0.000211887275456787,0.000267620795761826
22,"2015",0.420000000000073,2015.42,1,15.6584640707692,24381.1580778769,0.000238671249307411,0.000211887275456787,0.000267620795761826
22,"2016",0.420000000000073,2016.42,1,16.0657324080577,25019.9690277583,0.000238671249307411,0.000211887275456787,0.000267620795761826
22,"2017",0.420000000000073,2017.42,1,16.3443887602692,25679.2103371919,0.000238671249307411,0.000211887275456787,0.000267620795761826
22,"2018",0.420000000000073,2018.42,1,16.5663809155385,26349.5495725338,0.000238671249307411,0.000211887275456787,0.000267620795761826
22,"2019",0.420000000000073,2019.42,1,16.7851515564231,27029.5794533073,0.000238671249307411,0.000211887275456787,0.000267620795761826
22,"2020",0.420000000000073,2020.42,1,17.01272543675,27714.7952368975,0.000238671249307411,0.000211887275456787,0.000267620795761826
22,"2021",0.420000000000073,2021.42,1,17.20981816725,28399.3584549825,0.000238671249307411,0.000211887275456787,0.000267620795761826
23,"2011",0.440000000000055,2011.44,1,15.0691050760385,21911.1539527949,0.00018304697735255,0.000162945195774286,0.000204736439000688
23,"2012",0.440000000000055,2012.44,12,15.1360771353846,22527.2937630738,0.00018304697735255,0.000162945195774286,0.000204736439000688
23,"2013",0.440000000000055,2013.44,1,15.2864321543654,23144.7664675234,0.00018304697735255,0.000162945195774286,0.000204736439000688
23,"2014",0.440000000000055,2014.44,1,15.4046205789231,23769.2420032112,0.00018304697735255,0.000162945195774286,0.000204736439000688
23,"2015",0.440000000000055,2015.44,2,15.6584640707692,24396.8165419477,0.00018304697735255,0.000162945195774286,0.000204736439000688
23,"2016",0.440000000000055,2016.44,1,16.0657324080577,25036.0347601663,0.00018304697735255,0.000162945195774286,0.000204736439000688
23,"2017",0.440000000000055,2017.44,1,16.3443887602692,25695.5547259522,0.00018304697735255,0.000162945195774286,0.000204736439000688
23,"2018",0.440000000000055,2018.44,1,16.5663809155385,26366.1159534494,0.00018304697735255,0.000162945195774286,0.000204736439000688
23,"2019",0.440000000000055,2019.44,2,16.7851515564231,27046.3646048637,0.00018304697735255,0.000162945195774286,0.000204736439000688
23,"2020",0.440000000000055,2020.44,1,17.01272543675,27731.8079623342,0.00018304697735255,0.000162945195774286,0.000204736439000688
23,"2021",0.440000000000055,2021.44,1,17.20981816725,28416.5682731498,0.00018304697735255,0.000162945195774286,0.000204736439000688
24,"2011",0.460000000000036,2011.46,1,15.0691050760385,21926.2230578709,0.00018304697735255,0.000162945195774286,0.000204736439000688
24,"2012",0.460000000000036,2012.46,10,15.1360771353846,22542.4298402092,0.00018304697735255,0.000162945195774286,0.000204736439000688
24,"2013",0.460000000000036,2013.46,1,15.2864321543654,23160.0528996778,0.00018304697735255,0.000162945195774286,0.000204736439000688
24,"2014",0.460000000000036,2014.46,1,15.4046205789231,23784.6466237902,0.00018304697735255,0.000162945195774286,0.000204736439000688
24,"2015",0.460000000000036,2015.46,1,15.6584640707692,24412.4750060185,0.00018304697735255,0.000162945195774286,0.000204736439000688
24,"2016",0.460000000000036,2016.46,1,16.0657324080577,25052.1004925744,0.00018304697735255,0.000162945195774286,0.000204736439000688
24,"2017",0.460000000000036,2017.46,1,16.3443887602692,25711.8991147125,0.00018304697735255,0.000162945195774286,0.000204736439000688
24,"2018",0.460000000000036,2018.46,1,16.5663809155385,26382.6823343649,0.00018304697735255,0.000162945195774286,0.000204736439000688
24,"2019",0.460000000000036,2019.46,2,16.7851515564231,27063.1497564202,0.00018304697735255,0.000162945195774286,0.000204736439000688
24,"2020",0.460000000000036,2020.46,1,17.01272543675,27748.820687771,0.00018304697735255,0.000162945195774286,0.000204736439000688
24,"2021",0.460000000000036,2021.46,1,17.20981816725,28433.778091317,0.00018304697735255,0.000162945195774286,0.000204736439000688
25,"2011",0.480000000000018,2011.48,1,15.0691050760385,21941.292162947,0.000198240645222411,0.000177583495546724,0.000220439569674029
25,"2012",0.480000000000018,2012.48,9,15.1360771353846,22557.5659173446,0.000198240645222411,0.000177583495546724,0.000220439569674029
25,"2013",0.480000000000018,2013.48,1,15.2864321543654,23175.3393318321,0.000198240645222411,0.000177583495546724,0.000220439569674029
25,"2014",0.480000000000018,2014.48,1,15.4046205789231,23800.0512443691,0.000198240645222411,0.000177583495546724,0.000220439569674029
25,"2015",0.480000000000018,2015.48,1,15.6584640707692,24428.1334700892,0.000198240645222411,0.000177583495546724,0.000220439569674029
25,"2016",0.480000000000018,2016.48,1,16.0657324080577,25068.1662249824,0.000198240645222411,0.000177583495546724,0.000220439569674029
25,"2017",0.480000000000018,2017.48,1,16.3443887602692,25728.2435034727,0.000198240645222411,0.000177583495546724,0.000220439569674029
25,"2018",0.480000000000018,2018.48,1,16.5663809155385,26399.2487152805,0.000198240645222411,0.000177583495546724,0.000220439569674029
25,"2019",0.480000000000018,2019.48,1,16.7851515564231,27079.9349079766,0.000198240645222411,0.000177583495546724,0.000220439569674029
25,"2020",0.480000000000018,2020.48,1,17.01272543675,27765.8334132078,0.000198240645222411,0.000177583495546724,0.000220439569674029
25,"2021",0.480000000000018,2021.48,1,17.20981816725,28450.9879094843,0.000198240645222411,0.000177583495546724,0.000220439569674029
26,"2011",0.490000000000009,2011.49,1,15.0691050760385,21956.361268023,0.000198240645222411,0.000177583495546724,0.000220439569674029
26,"2012",0.490000000000009,2012.49,18,15.1360771353846,22572.70199448,0.000198240645222411,0.000177583495546724,0.000220439569674029
26,"2013",0.490000000000009,2013.49,1,15.2864321543654,23190.6257639865,0.000198240645222411,0.000177583495546724,0.000220439569674029
26,"2014",0.490000000000009,2014.49,1,15.4046205789231,23815.455864948,0.000198240645222411,0.000177583495546724,0.000220439569674029
26,"2015",0.490000000000009,2015.49,1,15.6584640707692,24443.79193416,0.000198240645222411,0.000177583495546724,0.000220439569674029
26,"2016",0.490000000000009,2016.49,1,16.0657324080577,25084.2319573905,0.000198240645222411,0.000177583495546724,0.000220439569674029
26,"2017",0.490000000000009,2017.49,1,16.3443887602692,25744.587892233,0.000198240645222411,0.000177583495546724,0.000220439569674029
26,"2018",0.490000000000009,2018.49,1,16.5663809155385,26415.815096196,0.000198240645222411,0.000177583495546724,0.000220439569674029
26,"2019",0.490000000000009,2019.49,1,16.7851515564231,27096.720059533,0.000198240645222411,0.000177583495546724,0.000220439569674029
26,"2020",0.490000000000009,2020.49,1,17.01272543675,27782.8461386445,0.000198240645222411,0.000177583495546724,0.000220439569674029
26,"2021",0.490000000000009,2021.49,1,17.20981816725,28468.1977276515,0.000198240645222411,0.000177583495546724,0.000220439569674029
27,"2011",0.509999999999991,2011.51,1,15.0691050760385,21971.430373099,0.000233123933850983,0.000207564428286884,0.000260698637081432
27,"2012",0.509999999999991,2012.51,6,15.1360771353846,22587.8380716154,0.000233123933850983,0.000207564428286884,0.000260698637081432
27,"2013",0.509999999999991,2013.51,1,15.2864321543654,23205.9121961409,0.000233123933850983,0.000207564428286884,0.000260698637081432
27,"2014",0.509999999999991,2014.51,1,15.4046205789231,23830.8604855269,0.000233123933850983,0.000207564428286884,0.000260698637081432
27,"2015",0.509999999999991,2015.51,1,15.6584640707692,24459.4503982308,0.000233123933850983,0.000207564428286884,0.000260698637081432
27,"2016",0.509999999999991,2016.51,1,16.0657324080577,25100.2976897986,0.000233123933850983,0.000207564428286884,0.000260698637081432
27,"2017",0.509999999999991,2017.51,1,16.3443887602692,25760.9322809933,0.000233123933850983,0.000207564428286884,0.000260698637081432
27,"2018",0.509999999999991,2018.51,1,16.5663809155385,26432.3814771115,0.000233123933850983,0.000207564428286884,0.000260698637081432
27,"2019",0.509999999999991,2019.51,2,16.7851515564231,27113.5052110894,0.000233123933850983,0.000207564428286884,0.000260698637081432
27,"2020",0.509999999999991,2020.51,1,17.01272543675,27799.8588640812,0.000233123933850983,0.000207564428286884,0.000260698637081432
27,"2021",0.509999999999991,2021.51,1,17.20981816725,28485.4075458188,0.000233123933850983,0.000207564428286884,0.000260698637081432
28,"2011",0.529999999999973,2011.53,1,15.0691050760385,21986.4994781751,0.000233123933850983,0.000207564428286884,0.000260698637081432
28,"2012",0.529999999999973,2012.53,7,15.1360771353846,22602.9741487508,0.000233123933850983,0.000207564428286884,0.000260698637081432
28,"2013",0.529999999999973,2013.53,1,15.2864321543654,23221.1986282952,0.000233123933850983,0.000207564428286884,0.000260698637081432
28,"2014",0.529999999999973,2014.53,1,15.4046205789231,23846.2651061058,0.000233123933850983,0.000207564428286884,0.000260698637081432
28,"2015",0.529999999999973,2015.53,1,15.6584640707692,24475.1088623015,0.000233123933850983,0.000207564428286884,0.000260698637081432
28,"2016",0.529999999999973,2016.53,1,16.0657324080577,25116.3634222066,0.000233123933850983,0.000207564428286884,0.000260698637081432
28,"2017",0.529999999999973,2017.53,1,16.3443887602692,25777.2766697535,0.000233123933850983,0.000207564428286884,0.000260698637081432
28,"2018",0.529999999999973,2018.53,1,16.5663809155385,26448.9478580271,0.000233123933850983,0.000207564428286884,0.000260698637081432
28,"2019",0.529999999999973,2019.53,1,16.7851515564231,27130.2903626458,0.000233123933850983,0.000207564428286884,0.000260698637081432
28,"2020",0.529999999999973,2020.53,2,17.01272543675,27816.871589518,0.000233123933850983,0.000207564428286884,0.000260698637081432
28,"2021",0.529999999999973,2021.53,1,17.20981816725,28502.617363986,0.000233123933850983,0.000207564428286884,0.000260698637081432
29,"2011",0.549999999999955,2011.55,1,15.0691050760385,22001.5685832511,0.000178455001067441,0.000156904818080106,0.000201892013964082
29,"2012",0.549999999999955,2012.55,12,15.1360771353846,22618.1102258862,0.000178455001067441,0.000156904818080106,0.000201892013964082
29,"2013",0.549999999999955,2013.55,1,15.2864321543654,23236.4850604496,0.000178455001067441,0.000156904818080106,0.000201892013964082
29,"2014",0.549999999999955,2014.55,1,15.4046205789231,23861.6697266848,0.000178455001067441,0.000156904818080106,0.000201892013964082
29,"2015",0.549999999999955,2015.55,1,15.6584640707692,24490.7673263723,0.000178455001067441,0.000156904818080106,0.000201892013964082
29,"2016",0.549999999999955,2016.55,1,16.0657324080577,25132.4291546147,0.000178455001067441,0.000156904818080106,0.000201892013964082
29,"2017",0.549999999999955,2017.55,1,16.3443887602692,25793.6210585138,0.000178455001067441,0.000156904818080106,0.000201892013964082
29,"2018",0.549999999999955,2018.55,1,16.5663809155385,26465.5142389426,0.000178455001067441,0.000156904818080106,0.000201892013964082
29,"2019",0.549999999999955,2019.55,1,16.7851515564231,27147.0755142023,0.000178455001067441,0.000156904818080106,0.000201892013964082
29,"2020",0.549999999999955,2020.55,1,17.01272543675,27833.8843149548,0.000178455001067441,0.000156904818080106,0.000201892013964082
29,"2021",0.549999999999955,2021.55,1,17.20981816725,28519.8271821533,0.000178455001067441,0.000156904818080106,0.000201892013964082
30,"2011",0.569999999999936,2011.57,1,15.0691050760385,22016.6376883272,0.000178455001067441,0.000156904818080106,0.000201892013964082
30,"2012",0.569999999999936,2012.57,6,15.1360771353846,22633.2463030215,0.000178455001067441,0.000156904818080106,0.000201892013964082
30,"2013",0.569999999999936,2013.57,1,15.2864321543654,23251.771492604,0.000178455001067441,0.000156904818080106,0.000201892013964082
30,"2014",0.569999999999936,2014.57,1,15.4046205789231,23877.0743472637,0.000178455001067441,0.000156904818080106,0.000201892013964082
30,"2015",0.569999999999936,2015.57,1,15.6584640707692,24506.4257904431,0.000178455001067441,0.000156904818080106,0.000201892013964082
30,"2016",0.569999999999936,2016.57,1,16.0657324080577,25148.4948870227,0.000178455001067441,0.000156904818080106,0.000201892013964082
30,"2017",0.569999999999936,2017.57,1,16.3443887602692,25809.9654472741,0.000178455001067441,0.000156904818080106,0.000201892013964082
30,"2018",0.569999999999936,2018.57,1,16.5663809155385,26482.0806198582,0.000178455001067441,0.000156904818080106,0.000201892013964082
30,"2019",0.569999999999936,2019.57,1,16.7851515564231,27163.8606657587,0.000178455001067441,0.000156904818080106,0.000201892013964082
30,"2020",0.569999999999936,2020.57,1,17.01272543675,27850.8970403915,0.000178455001067441,0.000156904818080106,0.000201892013964082
30,"2021",0.569999999999936,2021.57,1,17.20981816725,28537.0370003205,0.000178455001067441,0.000156904818080106,0.000201892013964082
31,"2011",0.589999999999918,2011.59,1,15.0691050760385,22031.7067934032,0.000175443375498526,0.000151173001666255,0.00020218024715435
31,"2012",0.589999999999918,2012.59,6,15.1360771353846,22648.3823801569,0.000175443375498526,0.000151173001666255,0.00020218024715435
31,"2013",0.589999999999918,2013.59,1,15.2864321543654,23267.0579247583,0.000175443375498526,0.000151173001666255,0.00020218024715435
31,"2014",0.589999999999918,2014.59,1,15.4046205789231,23892.4789678426,0.000175443375498526,0.000151173001666255,0.00020218024715435
31,"2015",0.589999999999918,2015.59,1,15.6584640707692,24522.0842545138,0.000175443375498526,0.000151173001666255,0.00020218024715435
31,"2016",0.589999999999918,2016.59,1,16.0657324080577,25164.5606194308,0.000175443375498526,0.000151173001666255,0.00020218024715435
31,"2017",0.589999999999918,2017.59,1,16.3443887602692,25826.3098360343,0.000175443375498526,0.000151173001666255,0.00020218024715435
31,"2018",0.589999999999918,2018.59,1,16.5663809155385,26498.6470007737,0.000175443375498526,0.000151173001666255,0.00020218024715435
31,"2019",0.589999999999918,2019.59,1,16.7851515564231,27180.6458173151,0.000175443375498526,0.000151173001666255,0.00020218024715435
31,"2020",0.589999999999918,2020.59,1,17.01272543675,27867.9097658282,0.000175443375498526,0.000151173001666255,0.00020218024715435
31,"2021",0.589999999999918,2021.59,1,17.20981816725,28554.2468184878,0.000175443375498526,0.000151173001666255,0.00020218024715435
32,"2011",0.6099999999999,2011.61,1,15.0691050760385,22046.7758984792,0.000175443375498526,0.000151173001666255,0.00020218024715435
32,"2012",0.6099999999999,2012.61,2,15.1360771353846,22663.5184572923,0.000175443375498526,0.000151173001666255,0.00020218024715435
32,"2013",0.6099999999999,2013.61,1,15.2864321543654,23282.3443569127,0.000175443375498526,0.000151173001666255,0.00020218024715435
32,"2014",0.6099999999999,2014.61,1,15.4046205789231,23907.8835884215,0.000175443375498526,0.000151173001666255,0.00020218024715435
32,"2015",0.6099999999999,2015.61,1,15.6584640707692,24537.7427185846,0.000175443375498526,0.000151173001666255,0.00020218024715435
32,"2016",0.6099999999999,2016.61,1,16.0657324080577,25180.6263518388,0.000175443375498526,0.000151173001666255,0.00020218024715435
32,"2017",0.6099999999999,2017.61,1,16.3443887602692,25842.6542247946,0.000175443375498526,0.000151173001666255,0.00020218024715435
32,"2018",0.6099999999999,2018.61,1,16.5663809155385,26515.2133816892,0.000175443375498526,0.000151173001666255,0.00020218024715435
32,"2019",0.6099999999999,2019.61,1,16.7851515564231,27197.4309688715,0.000175443375498526,0.000151173001666255,0.00020218024715435
32,"2020",0.6099999999999,2020.61,1,17.01272543675,27884.922491265,0.000175443375498526,0.000151173001666255,0.00020218024715435
32,"2021",0.6099999999999,2021.61,1,17.20981816725,28571.456636655,0.000175443375498526,0.000151173001666255,0.00020218024715435
33,"2011",0.630000000000109,2011.63,1,15.0691050760385,22061.8450035553,0.000207140385167275,0.000178485130618707,0.000238707754851188
33,"2012",0.630000000000109,2012.63,1,15.1360771353846,22678.6545344277,0.000207140385167275,0.000178485130618707,0.000238707754851188
33,"2013",0.630000000000109,2013.63,1,15.2864321543654,23297.6307890671,0.000207140385167275,0.000178485130618707,0.000238707754851188
33,"2014",0.630000000000109,2014.63,1,15.4046205789231,23923.2882090005,0.000207140385167275,0.000178485130618707,0.000238707754851188
33,"2015",0.630000000000109,2015.63,1,15.6584640707692,24553.4011826554,0.000207140385167275,0.000178485130618707,0.000238707754851188
33,"2016",0.630000000000109,2016.63,1,16.0657324080577,25196.6920842469,0.000207140385167275,0.000178485130618707,0.000238707754851188
33,"2017",0.630000000000109,2017.63,1,16.3443887602692,25858.9986135549,0.000207140385167275,0.000178485130618707,0.000238707754851188
33,"2018",0.630000000000109,2018.63,1,16.5663809155385,26531.7797626048,0.000207140385167275,0.000178485130618707,0.000238707754851188
33,"2019",0.630000000000109,2019.63,1,16.7851515564231,27214.216120428,0.000207140385167275,0.000178485130618707,0.000238707754851188
33,"2020",0.630000000000109,2020.63,1,17.01272543675,27901.9352167017,0.000207140385167275,0.000178485130618707,0.000238707754851188
33,"2021",0.630000000000109,2021.63,1,17.20981816725,28588.6664548223,0.000207140385167275,0.000178485130618707,0.000238707754851188
34,"2011",0.650000000000091,2011.65,1,15.0691050760385,22076.9141086313,0.000207140385167275,0.000178485130618707,0.000238707754851188
34,"2012",0.650000000000091,2012.65,2,15.1360771353846,22693.7906115631,0.000207140385167275,0.000178485130618707,0.000238707754851188
34,"2013",0.650000000000091,2013.65,1,15.2864321543654,23312.9172212214,0.000207140385167275,0.000178485130618707,0.000238707754851188
34,"2014",0.650000000000091,2014.65,1,15.4046205789231,23938.6928295794,0.000207140385167275,0.000178485130618707,0.000238707754851188
34,"2015",0.650000000000091,2015.65,1,15.6584640707692,24569.0596467262,0.000207140385167275,0.000178485130618707,0.000238707754851188
34,"2016",0.650000000000091,2016.65,1,16.0657324080577,25212.757816655,0.000207140385167275,0.000178485130618707,0.000238707754851188
34,"2017",0.650000000000091,2017.65,1,16.3443887602692,25875.3430023152,0.000207140385167275,0.000178485130618707,0.000238707754851188
34,"2018",0.650000000000091,2018.65,1,16.5663809155385,26548.3461435203,0.000207140385167275,0.000178485130618707,0.000238707754851188
34,"2019",0.650000000000091,2019.65,1,16.7851515564231,27231.0012719844,0.000207140385167275,0.000178485130618707,0.000238707754851188
34,"2020",0.650000000000091,2020.65,1,17.01272543675,27918.9479421385,0.000207140385167275,0.000178485130618707,0.000238707754851188
34,"2021",0.650000000000091,2021.65,1,17.20981816725,28605.8762729895,0.000207140385167275,0.000178485130618707,0.000238707754851188
35,"2011",0.660000000000082,2011.66,1,15.0691050760385,22091.9832137073,0.000207436152685466,0.00017827939447939,0.000239608599218634
35,"2012",0.660000000000082,2012.66,1,15.1360771353846,22708.9266886985,0.000207436152685466,0.00017827939447939,0.000239608599218634
35,"2013",0.660000000000082,2013.66,1,15.2864321543654,23328.2036533758,0.000207436152685466,0.00017827939447939,0.000239608599218634
35,"2014",0.660000000000082,2014.66,1,15.4046205789231,23954.0974501583,0.000207436152685466,0.00017827939447939,0.000239608599218634
35,"2015",0.660000000000082,2015.66,1,15.6584640707692,24584.7181107969,0.000207436152685466,0.00017827939447939,0.000239608599218634
35,"2016",0.660000000000082,2016.66,1,16.0657324080577,25228.823549063,0.000207436152685466,0.00017827939447939,0.000239608599218634
35,"2017",0.660000000000082,2017.66,1,16.3443887602692,25891.6873910754,0.000207436152685466,0.00017827939447939,0.000239608599218634
35,"2018",0.660000000000082,2018.66,1,16.5663809155385,26564.9125244358,0.000207436152685466,0.00017827939447939,0.000239608599218634
35,"2019",0.660000000000082,2019.66,1,16.7851515564231,27247.7864235408,0.000207436152685466,0.00017827939447939,0.000239608599218634
35,"2020",0.660000000000082,2020.66,1,17.01272543675,27935.9606675753,0.000207436152685466,0.00017827939447939,0.000239608599218634
35,"2021",0.660000000000082,2021.66,1,17.20981816725,28623.0860911568,0.000207436152685466,0.00017827939447939,0.000239608599218634
36,"2011",0.680000000000064,2011.68,1,15.0691050760385,22107.0523187834,0.000207436152685466,0.00017827939447939,0.000239608599218634
36,"2012",0.680000000000064,2012.68,1,15.1360771353846,22724.0627658338,0.000207436152685466,0.00017827939447939,0.000239608599218634
36,"2013",0.680000000000064,2013.68,1,15.2864321543654,23343.4900855302,0.000207436152685466,0.00017827939447939,0.000239608599218634
36,"2014",0.680000000000064,2014.68,1,15.4046205789231,23969.5020707372,0.000207436152685466,0.00017827939447939,0.000239608599218634
36,"2015",0.680000000000064,2015.68,1,15.6584640707692,24600.3765748677,0.000207436152685466,0.00017827939447939,0.000239608599218634
36,"2016",0.680000000000064,2016.68,1,16.0657324080577,25244.8892814711,0.000207436152685466,0.00017827939447939,0.000239608599218634
36,"2017",0.680000000000064,2017.68,1,16.3443887602692,25908.0317798357,0.000207436152685466,0.00017827939447939,0.000239608599218634
36,"2018",0.680000000000064,2018.68,1,16.5663809155385,26581.4789053514,0.000207436152685466,0.00017827939447939,0.000239608599218634
36,"2019",0.680000000000064,2019.68,1,16.7851515564231,27264.5715750972,0.000207436152685466,0.00017827939447939,0.000239608599218634
36,"2020",0.680000000000064,2020.68,1,17.01272543675,27952.973393012,0.000207436152685466,0.00017827939447939,0.000239608599218634
36,"2021",0.680000000000064,2021.68,1,17.20981816725,28640.295909324,0.000207436152685466,0.00017827939447939,0.000239608599218634
37,"2011",0.700000000000045,2011.7,1,15.0691050760385,22122.1214238594,0.000206709789328892,0.000177655127119504,0.000238769580059538
37,"2012",0.700000000000045,2012.7,1,15.1360771353846,22739.1988429692,0.000206709789328892,0.000177655127119504,0.000238769580059538
37,"2013",0.700000000000045,2013.7,1,15.2864321543654,23358.7765176845,0.000206709789328892,0.000177655127119504,0.000238769580059538
37,"2014",0.700000000000045,2014.7,1,15.4046205789231,23984.9066913162,0.000206709789328892,0.000177655127119504,0.000238769580059538
37,"2015",0.700000000000045,2015.7,1,15.6584640707692,24616.0350389385,0.000206709789328892,0.000177655127119504,0.000238769580059538
37,"2016",0.700000000000045,2016.7,1,16.0657324080577,25260.9550138791,0.000206709789328892,0.000177655127119504,0.000238769580059538
37,"2017",0.700000000000045,2017.7,1,16.3443887602692,25924.376168596,0.000206709789328892,0.000177655127119504,0.000238769580059538
37,"2018",0.700000000000045,2018.7,1,16.5663809155385,26598.0452862669,0.000206709789328892,0.000177655127119504,0.000238769580059538
37,"2019",0.700000000000045,2019.7,1,16.7851515564231,27281.3567266537,0.000206709789328892,0.000177655127119504,0.000238769580059538
37,"2020",0.700000000000045,2020.7,1,17.01272543675,27969.9861184487,0.000206709789328892,0.000177655127119504,0.000238769580059538
37,"2021",0.700000000000045,2021.7,1,17.20981816725,28657.5057274913,0.000206709789328892,0.000177655127119504,0.000238769580059538
38,"2011",0.720000000000027,2011.72,1,15.0691050760385,22137.1905289355,0.000206709789328892,0.000177655127119504,0.000238769580059538
38,"2012",0.720000000000027,2012.72,1,15.1360771353846,22754.3349201046,0.000206709789328892,0.000177655127119504,0.000238769580059538
38,"2013",0.720000000000027,2013.72,1,15.2864321543654,23374.0629498389,0.000206709789328892,0.000177655127119504,0.000238769580059538
38,"2014",0.720000000000027,2014.72,1,15.4046205789231,24000.3113118951,0.000206709789328892,0.000177655127119504,0.000238769580059538
38,"2015",0.720000000000027,2015.72,1,15.6584640707692,24631.6935030092,0.000206709789328892,0.000177655127119504,0.000238769580059538
38,"2016",0.720000000000027,2016.72,1,16.0657324080577,25277.0207462872,0.000206709789328892,0.000177655127119504,0.000238769580059538
38,"2017",0.720000000000027,2017.72,1,16.3443887602692,25940.7205573562,0.000206709789328892,0.000177655127119504,0.000238769580059538
38,"2018",0.720000000000027,2018.72,1,16.5663809155385,26614.6116671825,0.000206709789328892,0.000177655127119504,0.000238769580059538
38,"2019",0.720000000000027,2019.72,1,16.7851515564231,27298.1418782101,0.000206709789328892,0.000177655127119504,0.000238769580059538
38,"2020",0.720000000000027,2020.72,1,17.01272543675,27986.9988438855,0.000206709789328892,0.000177655127119504,0.000238769580059538
38,"2021",0.720000000000027,2021.72,1,17.20981816725,28674.7155456585,0.000206709789328892,0.000177655127119504,0.000238769580059538
39,"2011",0.740000000000009,2011.74,1,15.0691050760385,22152.2596340115,0.000205988495124401,0.000177035216403104,0.000237936416256
39,"2012",0.740000000000009,2012.74,1,15.1360771353846,22769.47099724,0.000205988495124401,0.000177035216403104,0.000237936416256
39,"2013",0.740000000000009,2013.74,1,15.2864321543654,23389.3493819932,0.000205988495124401,0.000177035216403104,0.000237936416256
39,"2014",0.740000000000009,2014.74,1,15.4046205789231,24015.715932474,0.000205988495124401,0.000177035216403104,0.000237936416256
39,"2015",0.740000000000009,2015.74,1,15.6584640707692,24647.35196708,0.000205988495124401,0.000177035216403104,0.000237936416256
39,"2016",0.740000000000009,2016.74,1,16.0657324080577,25293.0864786952,0.000205988495124401,0.000177035216403104,0.000237936416256
39,"2017",0.740000000000009,2017.74,1,16.3443887602692,25957.0649461165,0.000205988495124401,0.000177035216403104,0.000237936416256
39,"2018",0.740000000000009,2018.74,1,16.5663809155385,26631.178048098,0.000205988495124401,0.000177035216403104,0.000237936416256
39,"2019",0.740000000000009,2019.74,1,16.7851515564231,27314.9270297665,0.000205988495124401,0.000177035216403104,0.000237936416256
39,"2020",0.740000000000009,2020.74,1,17.01272543675,28004.0115693223,0.000205988495124401,0.000177035216403104,0.000237936416256
39,"2021",0.740000000000009,2021.74,1,17.20981816725,28691.9253638258,0.000205988495124401,0.000177035216403104,0.000237936416256
40,"2011",0.759999999999991,2011.76,1,15.0691050760385,22167.3287390875,0.000205988495124401,0.000177035216403104,0.000237936416256
40,"2012",0.759999999999991,2012.76,1,15.1360771353846,22784.6070743754,0.000205988495124401,0.000177035216403104,0.000237936416256
40,"2013",0.759999999999991,2013.76,1,15.2864321543654,23404.6358141476,0.000205988495124401,0.000177035216403104,0.000237936416256
40,"2014",0.759999999999991,2014.76,1,15.4046205789231,24031.1205530529,0.000205988495124401,0.000177035216403104,0.000237936416256
40,"2015",0.759999999999991,2015.76,1,15.6584640707692,24663.0104311508,0.000205988495124401,0.000177035216403104,0.000237936416256
40,"2016",0.759999999999991,2016.76,1,16.0657324080577,25309.1522111033,0.000205988495124401,0.000177035216403104,0.000237936416256
40,"2017",0.759999999999991,2017.76,1,16.3443887602692,25973.4093348768,0.000205988495124401,0.000177035216403104,0.000237936416256
40,"2018",0.759999999999991,2018.76,1,16.5663809155385,26647.7444290135,0.000205988495124401,0.000177035216403104,0.000237936416256
40,"2019",0.759999999999991,2019.76,1,16.7851515564231,27331.7121813229,0.000205988495124401,0.000177035216403104,0.000237936416256
40,"2020",0.759999999999991,2020.76,1,17.01272543675,28021.024294759,0.000205988495124401,0.000177035216403104,0.000237936416256
40,"2021",0.759999999999991,2021.76,1,17.20981816725,28709.135181993,0.000205988495124401,0.000177035216403104,0.000237936416256
41,"2011",0.779999999999973,2011.78,1,15.0691050760385,22182.3978441636,0.000205272217191535,0.000176419616882496,0.000237109046726035
41,"2012",0.779999999999973,2012.78,1,15.1360771353846,22799.7431515108,0.000205272217191535,0.000176419616882496,0.000237109046726035
41,"2013",0.779999999999973,2013.78,1,15.2864321543654,23419.922246302,0.000205272217191535,0.000176419616882496,0.000237109046726035
41,"2014",0.779999999999973,2014.78,1,15.4046205789231,24046.5251736318,0.000205272217191535,0.000176419616882496,0.000237109046726035
41,"2015",0.779999999999973,2015.78,1,15.6584640707692,24678.6688952215,0.000205272217191535,0.000176419616882496,0.000237109046726035
41,"2016",0.779999999999973,2016.78,1,16.0657324080577,25325.2179435114,0.000205272217191535,0.000176419616882496,0.000237109046726035
41,"2017",0.779999999999973,2017.78,1,16.3443887602692,25989.753723637,0.000205272217191535,0.000176419616882496,0.000237109046726035
41,"2018",0.779999999999973,2018.78,1,16.5663809155385,26664.3108099291,0.000205272217191535,0.000176419616882496,0.000237109046726035
41,"2019",0.779999999999973,2019.78,1,16.7851515564231,27348.4973328793,0.000205272217191535,0.000176419616882496,0.000237109046726035
41,"2020",0.779999999999973,2020.78,1,17.01272543675,28038.0370201957,0.000205272217191535,0.000176419616882496,0.000237109046726035
41,"2021",0.779999999999973,2021.78,1,17.20981816725,28726.3450001603,0.000205272217191535,0.000176419616882496,0.000237109046726035
42,"2011",0.799999999999955,2011.8,1,15.0691050760385,22197.4669492396,0.000205272217191535,0.000176419616882496,0.000237109046726035
42,"2012",0.799999999999955,2012.8,1,15.1360771353846,22814.8792286462,0.000205272217191535,0.000176419616882496,0.000237109046726035
42,"2013",0.799999999999955,2013.8,1,15.2864321543654,23435.2086784563,0.000205272217191535,0.000176419616882496,0.000237109046726035
42,"2014",0.799999999999955,2014.8,1,15.4046205789231,24061.9297942108,0.000205272217191535,0.000176419616882496,0.000237109046726035
42,"2015",0.799999999999955,2015.8,1,15.6584640707692,24694.3273592923,0.000205272217191535,0.000176419616882496,0.000237109046726035
42,"2016",0.799999999999955,2016.8,1,16.0657324080577,25341.2836759194,0.000205272217191535,0.000176419616882496,0.000237109046726035
42,"2017",0.799999999999955,2017.8,1,16.3443887602692,26006.0981123973,0.000205272217191535,0.000176419616882496,0.000237109046726035
42,"2018",0.799999999999955,2018.8,1,16.5663809155385,26680.8771908446,0.000205272217191535,0.000176419616882496,0.000237109046726035
42,"2019",0.799999999999955,2019.8,1,16.7851515564231,27365.2824844358,0.000205272217191535,0.000176419616882496,0.000237109046726035
42,"2020",0.799999999999955,2020.8,1,17.01272543675,28055.0497456325,0.000205272217191535,0.000176419616882496,0.000237109046726035
42,"2021",0.799999999999955,2021.8,1,17.20981816725,28743.5548183275,0.000205272217191535,0.000176419616882496,0.000237109046726035
43,"2011",0.819999999999936,2011.82,1,15.0691050760385,22212.5360543157,0.000219670515564497,0.000189822290594058,0.000252492635727698
43,"2012",0.819999999999936,2012.82,1,15.1360771353846,22830.0153057815,0.000219670515564497,0.000189822290594058,0.000252492635727698
43,"2013",0.819999999999936,2013.82,1,15.2864321543654,23450.4951106107,0.000219670515564497,0.000189822290594058,0.000252492635727698
43,"2014",0.819999999999936,2014.82,1,15.4046205789231,24077.3344147897,0.000219670515564497,0.000189822290594058,0.000252492635727698
43,"2015",0.819999999999936,2015.82,1,15.6584640707692,24709.9858233631,0.000219670515564497,0.000189822290594058,0.000252492635727698
43,"2016",0.819999999999936,2016.82,1,16.0657324080577,25357.3494083275,0.000219670515564497,0.000189822290594058,0.000252492635727698
43,"2017",0.819999999999936,2017.82,1,16.3443887602692,26022.4425011576,0.000219670515564497,0.000189822290594058,0.000252492635727698
43,"2018",0.819999999999936,2018.82,1,16.5663809155385,26697.4435717602,0.000219670515564497,0.000189822290594058,0.000252492635727698
43,"2019",0.819999999999936,2019.82,1,16.7851515564231,27382.0676359922,0.000219670515564497,0.000189822290594058,0.000252492635727698
43,"2020",0.819999999999936,2020.82,1,17.01272543675,28072.0624710693,0.000219670515564497,0.000189822290594058,0.000252492635727698
43,"2021",0.819999999999936,2021.82,1,17.20981816725,28760.7646364948,0.000219670515564497,0.000189822290594058,0.000252492635727698
44,"2011",0.839999999999918,2011.84,1,15.0691050760385,22227.6051593917,0.000219670515564497,0.000189822290594058,0.000252492635727698
44,"2012",0.839999999999918,2012.84,1,15.1360771353846,22845.1513829169,0.000219670515564497,0.000189822290594058,0.000252492635727698
44,"2013",0.839999999999918,2013.84,1,15.2864321543654,23465.7815427651,0.000219670515564497,0.000189822290594058,0.000252492635727698
44,"2014",0.839999999999918,2014.84,1,15.4046205789231,24092.7390353686,0.000219670515564497,0.000189822290594058,0.000252492635727698
44,"2015",0.839999999999918,2015.84,1,15.6584640707692,24725.6442874338,0.000219670515564497,0.000189822290594058,0.000252492635727698
44,"2016",0.839999999999918,2016.84,1,16.0657324080577,25373.4151407355,0.000219670515564497,0.000189822290594058,0.000252492635727698
44,"2017",0.839999999999918,2017.84,1,16.3443887602692,26038.7868899178,0.000219670515564497,0.000189822290594058,0.000252492635727698
44,"2018",0.839999999999918,2018.84,1,16.5663809155385,26714.0099526757,0.000219670515564497,0.000189822290594058,0.000252492635727698
44,"2019",0.839999999999918,2019.84,1,16.7851515564231,27398.8527875486,0.000219670515564497,0.000189822290594058,0.000252492635727698
44,"2020",0.839999999999918,2020.84,1,17.01272543675,28089.075196506,0.000219670515564497,0.000189822290594058,0.000252492635727698
44,"2021",0.839999999999918,2021.84,1,17.20981816725,28777.974454662,0.000219670515564497,0.000189822290594058,0.000252492635727698
45,"2011",0.8599999999999,2011.86,1,15.0691050760385,22242.6742644677,0.00019572762782457,0.000168651184025494,0.000225555738745112
45,"2012",0.8599999999999,2012.86,3,15.1360771353846,22860.2874600523,0.00019572762782457,0.000168651184025494,0.000225555738745112
45,"2013",0.8599999999999,2013.86,1,15.2864321543654,23481.0679749194,0.00019572762782457,0.000168651184025494,0.000225555738745112
45,"2014",0.8599999999999,2014.86,1,15.4046205789231,24108.1436559475,0.00019572762782457,0.000168651184025494,0.000225555738745112
45,"2015",0.8599999999999,2015.86,1,15.6584640707692,24741.3027515046,0.00019572762782457,0.000168651184025494,0.000225555738745112
45,"2016",0.8599999999999,2016.86,1,16.0657324080577,25389.4808731436,0.00019572762782457,0.000168651184025494,0.000225555738745112
45,"2017",0.8599999999999,2017.86,1,16.3443887602692,26055.1312786781,0.00019572762782457,0.000168651184025494,0.000225555738745112
45,"2018",0.8599999999999,2018.86,1,16.5663809155385,26730.5763335912,0.00019572762782457,0.000168651184025494,0.000225555738745112
45,"2019",0.8599999999999,2019.86,1,16.7851515564231,27415.637939105,0.00019572762782457,0.000168651184025494,0.000225555738745112
45,"2020",0.8599999999999,2020.86,1,17.01272543675,28106.0879219427,0.00019572762782457,0.000168651184025494,0.000225555738745112
45,"2021",0.8599999999999,2021.86,1,17.20981816725,28795.1842728293,0.00019572762782457,0.000168651184025494,0.000225555738745112
46,"2011",0.869999999999891,2011.87,1,15.0691050760385,22257.7433695438,0.00019572762782457,0.000168651184025494,0.000225555738745112
46,"2012",0.869999999999891,2012.87,1,15.1360771353846,22875.4235371877,0.00019572762782457,0.000168651184025494,0.000225555738745112
46,"2013",0.869999999999891,2013.87,1,15.2864321543654,23496.3544070738,0.00019572762782457,0.000168651184025494,0.000225555738745112
46,"2014",0.869999999999891,2014.87,1,15.4046205789231,24123.5482765265,0.00019572762782457,0.000168651184025494,0.000225555738745112
46,"2015",0.869999999999891,2015.87,1,15.6584640707692,24756.9612155754,0.00019572762782457,0.000168651184025494,0.000225555738745112
46,"2016",0.869999999999891,2016.87,1,16.0657324080577,25405.5466055517,0.00019572762782457,0.000168651184025494,0.000225555738745112
46,"2017",0.869999999999891,2017.87,1,16.3443887602692,26071.4756674384,0.00019572762782457,0.000168651184025494,0.000225555738745112
46,"2018",0.869999999999891,2018.87,1,16.5663809155385,26747.1427145068,0.00019572762782457,0.000168651184025494,0.000225555738745112
46,"2019",0.869999999999891,2019.87,1,16.7851515564231,27432.4230906615,0.00019572762782457,0.000168651184025494,0.000225555738745112
46,"2020",0.869999999999891,2020.87,1,17.01272543675,28123.1006473795,0.00019572762782457,0.000168651184025494,0.000225555738745112
46,"2021",0.869999999999891,2021.87,1,17.20981816725,28812.3940909965,0.00019572762782457,0.000168651184025494,0.000225555738745112
47,"2011",0.8900000000001,2011.89,1,15.0691050760385,22272.8124746198,0.000209971644888337,0.000181441275767405,0.000241344606078325
47,"2012",0.8900000000001,2012.89,1,15.1360771353846,22890.5596143231,0.000209971644888337,0.000181441275767405,0.000241344606078325
47,"2013",0.8900000000001,2013.89,1,15.2864321543654,23511.6408392282,0.000209971644888337,0.000181441275767405,0.000241344606078325
47,"2014",0.8900000000001,2014.89,1,15.4046205789231,24138.9528971054,0.000209971644888337,0.000181441275767405,0.000241344606078325
47,"2015",0.8900000000001,2015.89,1,15.6584640707692,24772.6196796462,0.000209971644888337,0.000181441275767405,0.000241344606078325
47,"2016",0.8900000000001,2016.89,1,16.0657324080577,25421.6123379597,0.000209971644888337,0.000181441275767405,0.000241344606078325
47,"2017",0.8900000000001,2017.89,1,16.3443887602692,26087.8200561987,0.000209971644888337,0.000181441275767405,0.000241344606078325
47,"2018",0.8900000000001,2018.89,1,16.5663809155385,26763.7090954223,0.000209971644888337,0.000181441275767405,0.000241344606078325
47,"2019",0.8900000000001,2019.89,1,16.7851515564231,27449.2082422179,0.000209971644888337,0.000181441275767405,0.000241344606078325
47,"2020",0.8900000000001,2020.89,1,17.01272543675,28140.1133728162,0.000209971644888337,0.000181441275767405,0.000241344606078325
47,"2021",0.8900000000001,2021.89,2,17.20981816725,28829.6039091638,0.000209971644888337,0.000181441275767405,0.000241344606078325
48,"2011",0.910000000000082,2011.91,1,15.0691050760385,22287.8815796958,0.000209971644888337,0.000181441275767405,0.000241344606078325
48,"2012",0.910000000000082,2012.91,1,15.1360771353846,22905.6956914585,0.000209971644888337,0.000181441275767405,0.000241344606078325
48,"2013",0.910000000000082,2013.91,1,15.2864321543654,23526.9272713825,0.000209971644888337,0.000181441275767405,0.000241344606078325
48,"2014",0.910000000000082,2014.91,1,15.4046205789231,24154.3575176843,0.000209971644888337,0.000181441275767405,0.000241344606078325
48,"2015",0.910000000000082,2015.91,1,15.6584640707692,24788.2781437169,0.000209971644888337,0.000181441275767405,0.000241344606078325
48,"2016",0.910000000000082,2016.91,1,16.0657324080577,25437.6780703678,0.000209971644888337,0.000181441275767405,0.000241344606078325
48,"2017",0.910000000000082,2017.91,1,16.3443887602692,26104.1644449589,0.000209971644888337,0.000181441275767405,0.000241344606078325
48,"2018",0.910000000000082,2018.91,1,16.5663809155385,26780.2754763378,0.000209971644888337,0.000181441275767405,0.000241344606078325
48,"2019",0.910000000000082,2019.91,1,16.7851515564231,27465.9933937743,0.000209971644888337,0.000181441275767405,0.000241344606078325
48,"2020",0.910000000000082,2020.91,1,17.01272543675,28157.126098253,0.000209971644888337,0.000181441275767405,0.000241344606078325
48,"2021",0.910000000000082,2021.91,1,17.20981816725,28846.813727331,0.000209971644888337,0.000181441275767405,0.000241344606078325
49,"2011",0.930000000000064,2011.93,1,15.0691050760385,22302.9506847719,0.00024289761344748,0.000215014878690151,0.000273090773811381
49,"2012",0.930000000000064,2012.93,1,15.1360771353846,22920.8317685938,0.00024289761344748,0.000215014878690151,0.000273090773811381
49,"2013",0.930000000000064,2013.93,1,15.2864321543654,23542.2137035369,0.00024289761344748,0.000215014878690151,0.000273090773811381
49,"2014",0.930000000000064,2014.93,1,15.4046205789231,24169.7621382632,0.00024289761344748,0.000215014878690151,0.000273090773811381
49,"2015",0.930000000000064,2015.93,1,15.6584640707692,24803.9366077877,0.00024289761344748,0.000215014878690151,0.000273090773811381
49,"2016",0.930000000000064,2016.93,1,16.0657324080577,25453.7438027758,0.00024289761344748,0.000215014878690151,0.000273090773811381
49,"2017",0.930000000000064,2017.93,1,16.3443887602692,26120.5088337192,0.00024289761344748,0.000215014878690151,0.000273090773811381
49,"2018",0.930000000000064,2018.93,1,16.5663809155385,26796.8418572534,0.00024289761344748,0.000215014878690151,0.000273090773811381
49,"2019",0.930000000000064,2019.93,1,16.7851515564231,27482.7785453307,0.00024289761344748,0.000215014878690151,0.000273090773811381
49,"2020",0.930000000000064,2020.93,1,17.01272543675,28174.1388236898,0.00024289761344748,0.000215014878690151,0.000273090773811381
49,"2021",0.930000000000064,2021.93,3,17.20981816725,28864.0235454983,0.00024289761344748,0.000215014878690151,0.000273090773811381
50,"2011",0.950000000000045,2011.95,1,15.0691050760385,22318.0197898479,0.00024289761344748,0.000215014878690151,0.000273090773811381
50,"2012",0.950000000000045,2012.95,2,15.1360771353846,22935.9678457292,0.00024289761344748,0.000215014878690151,0.000273090773811381
50,"2013",0.950000000000045,2013.95,1,15.2864321543654,23557.5001356913,0.00024289761344748,0.000215014878690151,0.000273090773811381
50,"2014",0.950000000000045,2014.95,1,15.4046205789231,24185.1667588422,0.00024289761344748,0.000215014878690151,0.000273090773811381
50,"2015",0.950000000000045,2015.95,1,15.6584640707692,24819.5950718585,0.00024289761344748,0.000215014878690151,0.000273090773811381
50,"2016",0.950000000000045,2016.95,1,16.0657324080577,25469.8095351839,0.00024289761344748,0.000215014878690151,0.000273090773811381
50,"2017",0.950000000000045,2017.95,1,16.3443887602692,26136.8532224795,0.00024289761344748,0.000215014878690151,0.000273090773811381
50,"2018",0.950000000000045,2018.95,1,16.5663809155385,26813.4082381689,0.00024289761344748,0.000215014878690151,0.000273090773811381
50,"2019",0.950000000000045,2019.95,1,16.7851515564231,27499.5636968872,0.00024289761344748,0.000215014878690151,0.000273090773811381
50,"2020",0.950000000000045,2020.95,5,17.01272543675,28191.1515491265,0.00024289761344748,0.000215014878690151,0.000273090773811381
50,"2021",0.950000000000045,2021.95,1,17.20981816725,28881.2333636655,0.00024289761344748,0.000215014878690151,0.000273090773811381
51,"2011",0.970000000000027,2011.97,1,15.0691050760385,22333.088894924,0.000233685724075463,0.000209263492311438,0.000259936512688817
51,"2012",0.970000000000027,2012.97,1,15.1360771353846,22951.1039228646,0.000233685724075463,0.000209263492311438,0.000259936512688817
51,"2013",0.970000000000027,2013.97,1,15.2864321543654,23572.7865678456,0.000233685724075463,0.000209263492311438,0.000259936512688817
51,"2014",0.970000000000027,2014.97,1,15.4046205789231,24200.5713794211,0.000233685724075463,0.000209263492311438,0.000259936512688817
51,"2015",0.970000000000027,2015.97,1,15.6584640707692,24835.2535359292,0.000233685724075463,0.000209263492311438,0.000259936512688817
51,"2016",0.970000000000027,2016.97,1,16.0657324080577,25485.8752675919,0.000233685724075463,0.000209263492311438,0.000259936512688817
51,"2017",0.970000000000027,2017.97,1,16.3443887602692,26153.1976112397,0.000233685724075463,0.000209263492311438,0.000259936512688817
51,"2018",0.970000000000027,2018.97,1,16.5663809155385,26829.9746190845,0.000233685724075463,0.000209263492311438,0.000259936512688817
51,"2019",0.970000000000027,2019.97,1,16.7851515564231,27516.3488484436,0.000233685724075463,0.000209263492311438,0.000259936512688817
51,"2020",0.970000000000027,2020.97,10,17.01272543675,28208.1642745632,0.000233685724075463,0.000209263492311438,0.000259936512688817
51,"2021",0.970000000000027,2021.97,1,17.20981816725,28898.4431818328,0.000233685724075463,0.000209263492311438,0.000259936512688817
52,"2011",0.990000000000009,2011.99,1,15.0691050760385,22348.158,0.000233685724075463,0.000209263492311438,0.000259936512688817
52,"2013",0.990000000000009,2013.99,3,15.1360771353846,22966.24,0.000233685724075463,0.000209263492311438,0.000259936512688817
52,"2013",0.990000000000009,2013.99,1,15.2864321543654,23588.073,0.000233685724075463,0.000209263492311438,0.000259936512688817
52,"2014",0.990000000000009,2014.99,1,15.4046205789231,24215.976,0.000233685724075463,0.000209263492311438,0.000259936512688817
52,"2015",0.990000000000009,2015.99,1,15.6584640707692,24850.912,0.000233685724075463,0.000209263492311438,0.000259936512688817
52,"2016",0.990000000000009,2016.99,1,16.0657324080577,25501.941,0.000233685724075463,0.000209263492311438,0.000259936512688817
52,"2017",0.990000000000009,2017.99,1,16.3443887602692,26169.542,0.000233685724075463,0.000209263492311438,0.000259936512688817
52,"2018",0.990000000000009,2018.99,1,16.5663809155385,26846.541,0.000233685724075463,0.000209263492311438,0.000259936512688817
52,"2019",0.990000000000009,2019.99,1,16.7851515564231,27533.134,0.000233685724075463,0.000209263492311438,0.000259936512688817
52,"2020",0.990000000000009,2020.99,7,17.01272543675,28225.177,0.000233685724075463,0.000209263492311438,0.000259936512688817
52,"2021",0.990000000000009,2021.99,2,17.20981816725,28915.653,0.000233685724075463,0.000209263492311438,0.000259936512688817
